text,label
"adquiri mercado por R$ 3.322,00",alimentação
"efetuei compra de restaurante no valor de R$ 1.824,00",alimentação
"realizei pagamento de R$ 3.456,00 em restaurante",alimentação
"adquiri café por R$ 8.890,00",alimentação
"investi R$ 4.860,00 em mercado",alimentação
"efetuei compra de feira no valor de R$ 5.529,00",alimentação
"investi R$ 318,00 em lanche",alimentação
"adquiri restaurante por R$ 3.663,00",alimentação
"comprei R$ 5.546,00 de padaria",alimentação
"paguei R$ 5.546,00 em feira",alimentação
"gastei R$ 6.895,00 com almoço",alimentação
"adquiri restaurante por R$ 1.319,00",alimentação
"adquiri padaria por R$ 1.958,00",alimentação
"paguei R$ 526,00 em almoço",alimentação
"gastei R$ 652,00 com feira",alimentação
"paguei R$ 1.980,00 em feira",alimentação
"gastei R$ 4.351,00 com mercado",alimentação
"paguei R$ 4.889,00 por supermercado",alimentação
"investi R$ 7.229,00 em feira",alimentação
"paguei R$ 3.845,00 por supermercado",alimentação
"adquiri comida por R$ 438,00",alimentação
"fiz compra de mercado por R$ 1.809,00",alimentação
"paguei R$ 971,00 por café",alimentação
"fiz compra de restaurante por R$ 9.538,00",alimentação
"realizei pagamento de R$ 5.062,00 em restaurante",alimentação
"comprei R$ 3.923,00 de almoço",alimentação
"adquiri supermercado por R$ 5.615,00",alimentação
"efetuei compra de feira no valor de R$ 3.897,00",alimentação
"fiz compra de restaurante por R$ 5.407,00",alimentação
"adquiri almoço por R$ 376,00",alimentação
"comprei R$ 7.122,00 de padaria",alimentação
"realizei pagamento de R$ 6.115,00 em padaria",alimentação
"fiz compra de café por R$ 6.477,00",alimentação
"investi R$ 61,00 em jantar",alimentação
"paguei R$ 1.190,00 por café",alimentação
"adquiri comida por R$ 546,00",alimentação
"investi R$ 4.615,00 em mercado",alimentação
"efetuei compra de feira no valor de R$ 156,00",alimentação
"comprei R$ 6.944,00 de comida",alimentação
"realizei pagamento de R$ 1.745,00 em almoço",alimentação
"investi R$ 9.696,00 em supermercado",alimentação
"paguei R$ 6.242,00 por restaurante",alimentação
"comprei R$ 6.797,00 de almoço",alimentação
"adquiri jantar por R$ 119,00",alimentação
"gastei R$ 3.091,00 com padaria",alimentação
"paguei R$ 6.227,00 por padaria",alimentação
"comprei R$ 2.674,00 de café",alimentação
"adquiri jantar por R$ 2.877,00",alimentação
"investi R$ 3.519,00 em mercado",alimentação
"adquiri lanche por R$ 8.697,00",alimentação
"paguei R$ 9.468,00 por restaurante",alimentação
"paguei R$ 6.257,00 em comida",alimentação
"realizei pagamento de R$ 8.910,00 em feira",alimentação
"fiz compra de almoço por R$ 8.068,00",alimentação
"realizei pagamento de R$ 7.871,00 em café",alimentação
"paguei R$ 5.561,00 por feira",alimentação
"efetuei compra de lanche no valor de R$ 69,00",alimentação
"paguei R$ 519,00 por almoço",alimentação
"paguei R$ 1.273,00 em supermercado",alimentação
"investi R$ 445,00 em restaurante",alimentação
"investi R$ 4.540,00 em mercado",alimentação
"paguei R$ 35,00 por feira",alimentação
"paguei R$ 5.196,00 por padaria",alimentação
"gastei R$ 3.326,00 com comida",alimentação
"efetuei compra de padaria no valor de R$ 6.159,00",alimentação
"gastei R$ 1.481,00 com restaurante",alimentação
"fiz compra de supermercado por R$ 9.350,00",alimentação
"adquiri feira por R$ 4.354,00",alimentação
"paguei R$ 8.952,00 por comida",alimentação
"realizei pagamento de R$ 2.442,00 em almoço",alimentação
"investi R$ 7.999,00 em comida",alimentação
"efetuei compra de padaria no valor de R$ 4.403,00",alimentação
"gastei R$ 4.605,00 com restaurante",alimentação
"investi R$ 5.991,00 em restaurante",alimentação
"adquiri almoço por R$ 5.476,00",alimentação
"adquiri supermercado por R$ 9.594,00",alimentação
"adquiri feira por R$ 727,00",alimentação
"gastei R$ 7.111,00 com supermercado",alimentação
"realizei pagamento de R$ 7.421,00 em lanche",alimentação
"gastei R$ 6.260,00 com mercado",alimentação
"adquiri padaria por R$ 6.253,00",alimentação
"efetuei compra de lanche no valor de R$ 6.716,00",alimentação
"efetuei compra de lanche no valor de R$ 1.958,00",alimentação
"fiz compra de feira por R$ 357,00",alimentação
"investi R$ 8.954,00 em mercado",alimentação
"comprei R$ 8.482,00 de supermercado",alimentação
"adquiri feira por R$ 5.554,00",alimentação
"paguei R$ 5.408,00 por restaurante",alimentação
"adquiri jantar por R$ 6.458,00",alimentação
"paguei R$ 3.751,00 por almoço",alimentação
"efetuei compra de restaurante no valor de R$ 6.164,00",alimentação
"efetuei compra de lanche no valor de R$ 5.385,00",alimentação
"adquiri comida por R$ 6.491,00",alimentação
"efetuei compra de jantar no valor de R$ 3.343,00",alimentação
"paguei R$ 3.807,00 em lanche",alimentação
"paguei R$ 7.639,00 em padaria",alimentação
"efetuei compra de mercado no valor de R$ 5.828,00",alimentação
"adquiri mercado por R$ 3.622,00",alimentação
"adquiri padaria por R$ 6.201,00",alimentação
"investi R$ 4.725,00 em lanche",alimentação
"adquiri viagem por R$ 3.489,00",transporte
"realizei pagamento de R$ 158,00 em metrô",transporte
"adquiri gasolina por R$ 7.792,00",transporte
"fiz compra de táxi por R$ 8.409,00",transporte
"efetuei compra de viagem no valor de R$ 1.863,00",transporte
"gastei R$ 2.998,00 com pedágio",transporte
"realizei pagamento de R$ 6.359,00 em combustível",transporte
"gastei R$ 2.825,00 com táxi",transporte
"paguei R$ 775,00 por combustível",transporte
"paguei R$ 8.588,00 em viagem",transporte
"paguei R$ 8.728,00 por metrô",transporte
"investi R$ 2.349,00 em estacionamento",transporte
"comprei R$ 7.454,00 de combustível",transporte
"adquiri uber por R$ 277,00",transporte
"comprei R$ 4.200,00 de viagem",transporte
"investi R$ 73,00 em ônibus",transporte
"adquiri viagem por R$ 746,00",transporte
"comprei R$ 3.788,00 de estacionamento",transporte
"gastei R$ 7.275,00 com uber",transporte
"gastei R$ 8.151,00 com gasolina",transporte
"adquiri passagem por R$ 7.879,00",transporte
"paguei R$ 8.548,00 por gasolina",transporte
"gastei R$ 5.055,00 com pedágio",transporte
"comprei R$ 7.051,00 de pedágio",transporte
"comprei R$ 5.701,00 de gasolina",transporte
"adquiri metrô por R$ 4.540,00",transporte
"investi R$ 5.269,00 em gasolina",transporte
"investi R$ 1.094,00 em estacionamento",transporte
"adquiri táxi por R$ 6.072,00",transporte
"comprei R$ 3.467,00 de táxi",transporte
"paguei R$ 9.988,00 por metrô",transporte
"comprei R$ 995,00 de passagem",transporte
"gastei R$ 5.255,00 com pedágio",transporte
"paguei R$ 4.932,00 em metrô",transporte
"paguei R$ 5.880,00 em ônibus",transporte
"paguei R$ 5.544,00 em ônibus",transporte
"comprei R$ 1.539,00 de passagem",transporte
"realizei pagamento de R$ 9.606,00 em metrô",transporte
"realizei pagamento de R$ 5.925,00 em pedágio",transporte
"adquiri passagem por R$ 8.649,00",transporte
"fiz compra de metrô por R$ 5.370,00",transporte
"paguei R$ 2.221,00 por gasolina",transporte
"gastei R$ 7.181,00 com viagem",transporte
"adquiri uber por R$ 4.204,00",transporte
"investi R$ 9.922,00 em viagem",transporte
"efetuei compra de uber no valor de R$ 2.868,00",transporte
"gastei R$ 5.087,00 com pedágio",transporte
"investi R$ 4.537,00 em pedágio",transporte
"investi R$ 1,00 em metrô",transporte
"gastei R$ 607,00 com combustível",transporte
"paguei R$ 345,00 por pedágio",transporte
"comprei R$ 6.320,00 de gasolina",transporte
"gastei R$ 7.226,00 com uber",transporte
"paguei R$ 2.735,00 em pedágio",transporte
"investi R$ 6.567,00 em estacionamento",transporte
"adquiri gasolina por R$ 5.913,00",transporte
"paguei R$ 1.217,00 em pedágio",transporte
"realizei pagamento de R$ 7.385,00 em ônibus",transporte
"paguei R$ 2.615,00 por táxi",transporte
"realizei pagamento de R$ 2.768,00 em uber",transporte
"gastei R$ 892,00 com uber",transporte
"realizei pagamento de R$ 2.876,00 em combustível",transporte
"adquiri uber por R$ 6.514,00",transporte
"comprei R$ 7.415,00 de viagem",transporte
"realizei pagamento de R$ 7.936,00 em estacionamento",transporte
"adquiri estacionamento por R$ 2.771,00",transporte
"adquiri uber por R$ 2.081,00",transporte
"realizei pagamento de R$ 9.874,00 em táxi",transporte
"paguei R$ 7.863,00 em estacionamento",transporte
"paguei R$ 7.518,00 por estacionamento",transporte
"adquiri uber por R$ 1.068,00",transporte
"paguei R$ 736,00 por estacionamento",transporte
"paguei R$ 2.268,00 em estacionamento",transporte
"adquiri pedágio por R$ 3.366,00",transporte
"realizei pagamento de R$ 3.681,00 em passagem",transporte
"paguei R$ 1.290,00 em combustível",transporte
"paguei R$ 2.041,00 por estacionamento",transporte
"investi R$ 3.891,00 em uber",transporte
"realizei pagamento de R$ 6.275,00 em pedágio",transporte
"investi R$ 3.248,00 em metrô",transporte
"efetuei compra de uber no valor de R$ 8.662,00",transporte
"fiz compra de gasolina por R$ 1.568,00",transporte
"investi R$ 8.252,00 em gasolina",transporte
"investi R$ 6.761,00 em metrô",transporte
"fiz compra de gasolina por R$ 5.892,00",transporte
"adquiri passagem por R$ 2.541,00",transporte
"fiz compra de metrô por R$ 9.826,00",transporte
"comprei R$ 5.683,00 de combustível",transporte
"investi R$ 8.003,00 em ônibus",transporte
"efetuei compra de pedágio no valor de R$ 5.298,00",transporte
"gastei R$ 5.373,00 com pedágio",transporte
"investi R$ 2.564,00 em gasolina",transporte
"investi R$ 695,00 em metrô",transporte
"paguei R$ 2.461,00 por passagem",transporte
"paguei R$ 9.960,00 em pedágio",transporte
"realizei pagamento de R$ 4.629,00 em pedágio",transporte
"fiz compra de ônibus por R$ 8.364,00",transporte
"fiz compra de metrô por R$ 5.745,00",transporte
"paguei R$ 8.381,00 em pedágio",transporte
"comprei R$ 2.595,00 de pedágio",transporte
"paguei R$ 6.490,00 por luz",moradia
"gastei R$ 2.148,00 com luz",moradia
"paguei R$ 6.169,00 em telefone",moradia
"adquiri telefone por R$ 190,00",moradia
"adquiri luz por R$ 7.155,00",moradia
"comprei R$ 7.341,00 de água",moradia
"efetuei compra de telefone no valor de R$ 2.898,00",moradia
"investi R$ 6.124,00 em decoração",moradia
"gastei R$ 3.681,00 com gás",moradia
"comprei R$ 6.111,00 de internet",moradia
"paguei R$ 7.681,00 por telefone",moradia
"investi R$ 4.919,00 em reforma",moradia
"investi R$ 4.589,00 em decoração",moradia
"investi R$ 5.863,00 em telefone",moradia
"adquiri decoração por R$ 2.564,00",moradia
"adquiri móveis por R$ 9.798,00",moradia
"paguei R$ 317,00 em aluguel",moradia
"gastei R$ 1.149,00 com aluguel",moradia
"gastei R$ 6.545,00 com decoração",moradia
"realizei pagamento de R$ 5.643,00 em gás",moradia
"investi R$ 134,00 em gás",moradia
"realizei pagamento de R$ 2.325,00 em água",moradia
"fiz compra de luz por R$ 4.217,00",moradia
"realizei pagamento de R$ 3.764,00 em aluguel",moradia
"investi R$ 5.338,00 em luz",moradia
"paguei R$ 8.537,00 em aluguel",moradia
"realizei pagamento de R$ 3.083,00 em gás",moradia
"efetuei compra de luz no valor de R$ 729,00",moradia
"realizei pagamento de R$ 4.859,00 em reforma",moradia
"adquiri telefone por R$ 4.165,00",moradia
"investi R$ 5.335,00 em móveis",moradia
"gastei R$ 7.985,00 com luz",moradia
"paguei R$ 9.400,00 em gás",moradia
"paguei R$ 3.057,00 em condomínio",moradia
"gastei R$ 2.458,00 com gás",moradia
"adquiri telefone por R$ 6.253,00",moradia
"gastei R$ 8.809,00 com aluguel",moradia
"comprei R$ 6.476,00 de condomínio",moradia
"adquiri móveis por R$ 602,00",moradia
"gastei R$ 5.936,00 com internet",moradia
"realizei pagamento de R$ 7.965,00 em reforma",moradia
"adquiri internet por R$ 5.236,00",moradia
"adquiri reforma por R$ 4.555,00",moradia
"efetuei compra de internet no valor de R$ 3.661,00",moradia
"fiz compra de água por R$ 7.888,00",moradia
"adquiri condomínio por R$ 9.780,00",moradia
"adquiri condomínio por R$ 2.426,00",moradia
"paguei R$ 914,00 por decoração",moradia
"investi R$ 7.405,00 em móveis",moradia
"adquiri condomínio por R$ 6.268,00",moradia
"fiz compra de aluguel por R$ 5.286,00",moradia
"gastei R$ 5.684,00 com água",moradia
"paguei R$ 8.478,00 por reforma",moradia
"paguei R$ 6.009,00 em água",moradia
"adquiri decoração por R$ 5.859,00",moradia
"efetuei compra de aluguel no valor de R$ 8.858,00",moradia
"comprei R$ 5.894,00 de aluguel",moradia
"adquiri móveis por R$ 2.642,00",moradia
"efetuei compra de água no valor de R$ 9.101,00",moradia
"investi R$ 5.193,00 em luz",moradia
"adquiri reforma por R$ 2.501,00",moradia
"comprei R$ 3.147,00 de gás",moradia
"comprei R$ 5.319,00 de aluguel",moradia
"adquiri condomínio por R$ 8.035,00",moradia
"adquiri internet por R$ 6.579,00",moradia
"adquiri internet por R$ 6.024,00",moradia
"comprei R$ 6.441,00 de condomínio",moradia
"adquiri decoração por R$ 953,00",moradia
"fiz compra de condomínio por R$ 9.279,00",moradia
"adquiri gás por R$ 5.640,00",moradia
"paguei R$ 4.530,00 em móveis",moradia
"adquiri telefone por R$ 1.645,00",moradia
"paguei R$ 7.715,00 por móveis",moradia
"paguei R$ 4.032,00 em água",moradia
"adquiri gás por R$ 3.888,00",moradia
"investi R$ 4.032,00 em móveis",moradia
"gastei R$ 6.109,00 com decoração",moradia
"efetuei compra de água no valor de R$ 3.613,00",moradia
"realizei pagamento de R$ 6.373,00 em telefone",moradia
"fiz compra de móveis por R$ 2.566,00",moradia
"adquiri reforma por R$ 851,00",moradia
"realizei pagamento de R$ 5.341,00 em telefone",moradia
"realizei pagamento de R$ 6.413,00 em luz",moradia
"paguei R$ 605,00 em móveis",moradia
"paguei R$ 1.011,00 por luz",moradia
"paguei R$ 6.225,00 por decoração",moradia
"fiz compra de internet por R$ 2.084,00",moradia
"efetuei compra de telefone no valor de R$ 5.808,00",moradia
"fiz compra de condomínio por R$ 9.496,00",moradia
"realizei pagamento de R$ 7.746,00 em internet",moradia
"paguei R$ 3.156,00 em gás",moradia
"efetuei compra de gás no valor de R$ 7.686,00",moradia
"realizei pagamento de R$ 1.831,00 em móveis",moradia
"comprei R$ 4.822,00 de reforma",moradia
"efetuei compra de reforma no valor de R$ 7.612,00",moradia
"adquiri água por R$ 3.081,00",moradia
"realizei pagamento de R$ 4.519,00 em condomínio",moradia
"efetuei compra de gás no valor de R$ 4.003,00",moradia
"paguei R$ 7.614,00 por decoração",moradia
"efetuei compra de internet no valor de R$ 3.030,00",moradia
"fiz compra de dentista por R$ 8.190,00",saúde
"realizei pagamento de R$ 4.685,00 em exame",saúde
"paguei R$ 6.836,00 por consulta",saúde
"gastei R$ 594,00 com dentista",saúde
"comprei R$ 4.343,00 de fisioterapia",saúde
"adquiri remédio por R$ 7.292,00",saúde
"adquiri médico por R$ 4.103,00",saúde
"efetuei compra de hospital no valor de R$ 9.919,00",saúde
"realizei pagamento de R$ 9.242,00 em óculos",saúde
"efetuei compra de fisioterapia no valor de R$ 842,00",saúde
"paguei R$ 6.232,00 em remédio",saúde
"efetuei compra de hospital no valor de R$ 8.213,00",saúde
"realizei pagamento de R$ 7.005,00 em hospital",saúde
"fiz compra de remédio por R$ 7.981,00",saúde
"adquiri dentista por R$ 2.124,00",saúde
"investi R$ 2.444,00 em plano de saúde",saúde
"paguei R$ 7.242,00 em médico",saúde
"investi R$ 7.288,00 em remédio",saúde
"adquiri dentista por R$ 3.259,00",saúde
"gastei R$ 6.065,00 com dentista",saúde
"comprei R$ 2.736,00 de médico",saúde
"adquiri hospital por R$ 3.236,00",saúde
"efetuei compra de fisioterapia no valor de R$ 7.646,00",saúde
"efetuei compra de remédio no valor de R$ 1.506,00",saúde
"adquiri dentista por R$ 9.141,00",saúde
"gastei R$ 5.925,00 com remédio",saúde
"efetuei compra de médico no valor de R$ 927,00",saúde
"adquiri remédio por R$ 3.525,00",saúde
"adquiri plano de saúde por R$ 3.651,00",saúde
"fiz compra de óculos por R$ 696,00",saúde
"investi R$ 2.053,00 em consulta",saúde
"comprei R$ 3.051,00 de consulta",saúde
"adquiri remédio por R$ 8.162,00",saúde
"investi R$ 1.027,00 em remédio",saúde
"gastei R$ 393,00 com fisioterapia",saúde
"adquiri remédio por R$ 2.509,00",saúde
"efetuei compra de médico no valor de R$ 5.587,00",saúde
"realizei pagamento de R$ 3.797,00 em óculos",saúde
"adquiri exame por R$ 9.775,00",saúde
"gastei R$ 2.631,00 com exame",saúde
"gastei R$ 7.365,00 com óculos",saúde
"paguei R$ 7.219,00 em consulta",saúde
"efetuei compra de fisioterapia no valor de R$ 3.060,00",saúde
"paguei R$ 6.381,00 por hospital",saúde
"realizei pagamento de R$ 2.308,00 em exame",saúde
"realizei pagamento de R$ 3.120,00 em hospital",saúde
"efetuei compra de exame no valor de R$ 8.541,00",saúde
"comprei R$ 3.900,00 de médico",saúde
"realizei pagamento de R$ 5.850,00 em médico",saúde
"investi R$ 7.413,00 em remédio",saúde
"investi R$ 9.017,00 em consulta",saúde
"gastei R$ 2.449,00 com consulta",saúde
"adquiri óculos por R$ 3.633,00",saúde
"fiz compra de médico por R$ 8.020,00",saúde
"paguei R$ 2.252,00 por médico",saúde
"paguei R$ 8.564,00 em exame",saúde
"efetuei compra de hospital no valor de R$ 9.183,00",saúde
"paguei R$ 3.758,00 em remédio",saúde
"comprei R$ 7.287,00 de médico",saúde
"gastei R$ 9.910,00 com fisioterapia",saúde
"realizei pagamento de R$ 4.127,00 em dentista",saúde
"investi R$ 3.225,00 em plano de saúde",saúde
"paguei R$ 5.704,00 em médico",saúde
"efetuei compra de fisioterapia no valor de R$ 3.029,00",saúde
"fiz compra de remédio por R$ 8.303,00",saúde
"realizei pagamento de R$ 3.470,00 em exame",saúde
"efetuei compra de óculos no valor de R$ 5.147,00",saúde
"adquiri farmacia por R$ 8.875,00",saúde
"realizei pagamento de R$ 4.367,00 em médico",saúde
"realizei pagamento de R$ 137,00 em exame",saúde
"paguei R$ 76,00 por hospital",saúde
"paguei R$ 988,00 por remédio",saúde
"paguei R$ 4.200,00 em óculos",saúde
"gastei R$ 9.423,00 com plano de saúde",saúde
"comprei R$ 8.770,00 de plano de saúde",saúde
"adquiri hospital por R$ 7.235,00",saúde
"investi R$ 2.046,00 em óculos",saúde
"efetuei compra de médico no valor de R$ 8.429,00",saúde
"paguei R$ 1.390,00 em óculos",saúde
"investi R$ 4.664,00 em farmacia",saúde
"comprei R$ 77,00 de exame",saúde
"adquiri óculos por R$ 1.535,00",saúde
"fiz compra de farmacia por R$ 3.366,00",saúde
"paguei R$ 4.877,00 em fisioterapia",saúde
"paguei R$ 9.284,00 em óculos",saúde
"adquiri hospital por R$ 5.769,00",saúde
"gastei R$ 2.034,00 com remédio",saúde
"paguei R$ 6.535,00 por fisioterapia",saúde
"fiz compra de consulta por R$ 4.970,00",saúde
"comprei R$ 8.118,00 de remédio",saúde
"paguei R$ 5.753,00 por óculos",saúde
"efetuei compra de exame no valor de R$ 6.632,00",saúde
"paguei R$ 7.213,00 por exame",saúde
"paguei R$ 5.747,00 por remédio",saúde
"paguei R$ 3.628,00 por fisioterapia",saúde
"efetuei compra de remédio no valor de R$ 3.793,00",saúde
"fiz compra de farmacia por R$ 3.497,00",saúde
"realizei pagamento de R$ 884,00 em farmacia",saúde
"gastei R$ 88,00 com óculos",saúde
"paguei R$ 8.466,00 em fisioterapia",saúde
"realizei pagamento de R$ 4.894,00 em material escolar",educação
"efetuei compra de universidade no valor de R$ 1.645,00",educação
"comprei R$ 3.542,00 de livro",educação
"paguei R$ 6.051,00 por idioma",educação
"adquiri escola por R$ 9.090,00",educação
"investi R$ 5.596,00 em livro",educação
"adquiri faculdade por R$ 4.005,00",educação
"fiz compra de escola por R$ 8.838,00",educação
"adquiri escola por R$ 296,00",educação
"investi R$ 3.904,00 em universidade",educação
"efetuei compra de universidade no valor de R$ 4.157,00",educação
"gastei R$ 4.047,00 com idioma",educação
"paguei R$ 1.546,00 em workshop",educação
"fiz compra de idioma por R$ 8.032,00",educação
"paguei R$ 2.505,00 em mensalidade",educação
"fiz compra de livro por R$ 3.111,00",educação
"gastei R$ 7.347,00 com material escolar",educação
"gastei R$ 7.371,00 com idioma",educação
"paguei R$ 1.870,00 por workshop",educação
"adquiri livro por R$ 1.638,00",educação
"investi R$ 2.527,00 em material escolar",educação
"realizei pagamento de R$ 7.250,00 em workshop",educação
"adquiri material escolar por R$ 8.323,00",educação
"comprei R$ 3.052,00 de idioma",educação
"investi R$ 1.749,00 em escola",educação
"efetuei compra de livro no valor de R$ 6.187,00",educação
"paguei R$ 4.270,00 em aula",educação
"paguei R$ 7.972,00 por aula",educação
"comprei R$ 8.407,00 de aula",educação
"adquiri livro por R$ 2.755,00",educação
"adquiri idioma por R$ 1.982,00",educação
"paguei R$ 534,00 por material escolar",educação
"fiz compra de mensalidade por R$ 9.137,00",educação
"adquiri universidade por R$ 3.310,00",educação
"adquiri livro por R$ 8.580,00",educação
"efetuei compra de workshop no valor de R$ 4.663,00",educação
"adquiri mensalidade por R$ 3.371,00",educação
"paguei R$ 4.141,00 em livro",educação
"comprei R$ 7.462,00 de idioma",educação
"adquiri workshop por R$ 4.762,00",educação
"investi R$ 3.794,00 em mensalidade",educação
"adquiri universidade por R$ 7.553,00",educação
"efetuei compra de livro no valor de R$ 483,00",educação
"realizei pagamento de R$ 1.597,00 em idioma",educação
"adquiri mensalidade por R$ 9.412,00",educação
"paguei R$ 2.677,00 em idioma",educação
"fiz compra de universidade por R$ 1.793,00",educação
"paguei R$ 545,00 por curso",educação
"investi R$ 894,00 em universidade",educação
"investi R$ 4.668,00 em universidade",educação
"adquiri workshop por R$ 3.205,00",educação
"adquiri escola por R$ 7.725,00",educação
"adquiri material escolar por R$ 5.590,00",educação
"adquiri livro por R$ 9.734,00",educação
"realizei pagamento de R$ 921,00 em workshop",educação
"adquiri universidade por R$ 7.304,00",educação
"adquiri idioma por R$ 3.055,00",educação
"paguei R$ 3.211,00 em livro",educação
"realizei pagamento de R$ 2.312,00 em escola",educação
"gastei R$ 7.292,00 com mensalidade",educação
"investi R$ 4.711,00 em universidade",educação
"efetuei compra de livro no valor de R$ 3.457,00",educação
"efetuei compra de curso no valor de R$ 3.725,00",educação
"realizei pagamento de R$ 1.928,00 em livro",educação
"paguei R$ 5.817,00 por idioma",educação
"realizei pagamento de R$ 6.945,00 em curso",educação
"paguei R$ 2.360,00 por mensalidade",educação
"efetuei compra de faculdade no valor de R$ 7.455,00",educação
"paguei R$ 1.635,00 por workshop",educação
"efetuei compra de faculdade no valor de R$ 885,00",educação
"comprei R$ 1.090,00 de universidade",educação
"efetuei compra de workshop no valor de R$ 2.272,00",educação
"adquiri workshop por R$ 9.428,00",educação
"investi R$ 8.890,00 em aula",educação
"paguei R$ 4.865,00 em faculdade",educação
"gastei R$ 3.906,00 com escola",educação
"paguei R$ 7.135,00 por curso",educação
"realizei pagamento de R$ 8.740,00 em escola",educação
"adquiri livro por R$ 5.824,00",educação
"comprei R$ 5.045,00 de livro",educação
"investi R$ 3.440,00 em escola",educação
"fiz compra de curso por R$ 6.159,00",educação
"efetuei compra de mensalidade no valor de R$ 7.536,00",educação
"paguei R$ 7.579,00 por material escolar",educação
"paguei R$ 4.403,00 por curso",educação
"adquiri livro por R$ 9.426,00",educação
"paguei R$ 5.576,00 por idioma",educação
"gastei R$ 3.103,00 com escola",educação
"paguei R$ 3.728,00 por material escolar",educação
"investi R$ 5.826,00 em faculdade",educação
"paguei R$ 5.956,00 em escola",educação
"realizei pagamento de R$ 7.616,00 em idioma",educação
"realizei pagamento de R$ 465,00 em material escolar",educação
"gastei R$ 1.567,00 com escola",educação
"fiz compra de universidade por R$ 9.063,00",educação
"efetuei compra de idioma no valor de R$ 5.907,00",educação
"fiz compra de curso por R$ 9.840,00",educação
"efetuei compra de mensalidade no valor de R$ 5.856,00",educação
"efetuei compra de workshop no valor de R$ 5.385,00",educação
"paguei R$ 1.744,00 por workshop",educação
"comprei R$ 4.834,00 de viagem",lazer
"efetuei compra de show no valor de R$ 7.364,00",lazer
"paguei R$ 5.475,00 em viagem",lazer
"realizei pagamento de R$ 5.080,00 em jogo",lazer
"investi R$ 6.414,00 em academia",lazer
"gastei R$ 8.757,00 com jogo",lazer
"investi R$ 5.110,00 em viagem",lazer
"paguei R$ 718,00 em teatro",lazer
"adquiri parque por R$ 9.894,00",lazer
"investi R$ 8.183,00 em cinema",lazer
"gastei R$ 6.245,00 com academia",lazer
"paguei R$ 459,00 por esporte",lazer
"adquiri cinema por R$ 8.145,00",lazer
"gastei R$ 9.294,00 com parque",lazer
"paguei R$ 2.759,00 em museu",lazer
"comprei R$ 7.363,00 de cinema",lazer
"fiz compra de teatro por R$ 4.703,00",lazer
"paguei R$ 8.178,00 por academia",lazer
"comprei R$ 105,00 de parque",lazer
"comprei R$ 2.314,00 de academia",lazer
"realizei pagamento de R$ 3.008,00 em esporte",lazer
"adquiri cinema por R$ 1.658,00",lazer
"fiz compra de museu por R$ 3.218,00",lazer
"adquiri museu por R$ 5.698,00",lazer
"paguei R$ 3.880,00 em esporte",lazer
"comprei R$ 8.831,00 de parque",lazer
"realizei pagamento de R$ 6.744,00 em viagem",lazer
"fiz compra de teatro por R$ 7.710,00",lazer
"investi R$ 7.886,00 em hobby",lazer
"paguei R$ 8.198,00 em cinema",lazer
"realizei pagamento de R$ 1.774,00 em esporte",lazer
"efetuei compra de hobby no valor de R$ 2.617,00",lazer
"adquiri jogo por R$ 9.076,00",lazer
"gastei R$ 6.939,00 com parque",lazer
"efetuei compra de viagem no valor de R$ 1.563,00",lazer
"paguei R$ 8.727,00 por museu",lazer
"investi R$ 7.451,00 em esporte",lazer
"investi R$ 1.849,00 em show",lazer
"paguei R$ 1.529,00 em esporte",lazer
"adquiri parque por R$ 3.680,00",lazer
"adquiri academia por R$ 6.950,00",lazer
"paguei R$ 644,00 em teatro",lazer
"adquiri museu por R$ 5.970,00",lazer
"realizei pagamento de R$ 8.953,00 em museu",lazer
"efetuei compra de academia no valor de R$ 4.932,00",lazer
"investi R$ 933,00 em show",lazer
"paguei R$ 6.759,00 em museu",lazer
"comprei R$ 8.479,00 de teatro",lazer
"paguei R$ 9.284,00 em jogo",lazer
"gastei R$ 2.294,00 com cinema",lazer
"efetuei compra de viagem no valor de R$ 7.503,00",lazer
"realizei pagamento de R$ 4.557,00 em parque",lazer
"comprei R$ 4.866,00 de cinema",lazer
"paguei R$ 8.056,00 por hobby",lazer
"adquiri viagem por R$ 6.435,00",lazer
"efetuei compra de cinema no valor de R$ 6.758,00",lazer
"efetuei compra de esporte no valor de R$ 896,00",lazer
"gastei R$ 6.362,00 com teatro",lazer
"paguei R$ 2.832,00 em teatro",lazer
"comprei R$ 7.431,00 de show",lazer
"efetuei compra de jogo no valor de R$ 2.294,00",lazer
"paguei R$ 9.746,00 por show",lazer
"paguei R$ 7.178,00 por show",lazer
"fiz compra de academia por R$ 8.653,00",lazer
"investi R$ 9.212,00 em show",lazer
"comprei R$ 3.665,00 de hobby",lazer
"paguei R$ 1.592,00 em show",lazer
"paguei R$ 8.525,00 por academia",lazer
"adquiri parque por R$ 9.564,00",lazer
"adquiri academia por R$ 2.029,00",lazer
"adquiri teatro por R$ 6.633,00",lazer
"realizei pagamento de R$ 1.701,00 em esporte",lazer
"adquiri museu por R$ 1.003,00",lazer
"comprei R$ 381,00 de hobby",lazer
"realizei pagamento de R$ 1.760,00 em academia",lazer
"fiz compra de jogo por R$ 3.072,00",lazer
"fiz compra de viagem por R$ 5.876,00",lazer
"comprei R$ 8.950,00 de hobby",lazer
"comprei R$ 6.500,00 de teatro",lazer
"comprei R$ 6.575,00 de museu",lazer
"adquiri teatro por R$ 5.827,00",lazer
"paguei R$ 7.381,00 por viagem",lazer
"gastei R$ 2.970,00 com show",lazer
"adquiri show por R$ 3.402,00",lazer
"fiz compra de jogo por R$ 6.266,00",lazer
"realizei pagamento de R$ 1.424,00 em cinema",lazer
"adquiri cinema por R$ 5.737,00",lazer
"investi R$ 3.808,00 em esporte",lazer
"adquiri teatro por R$ 2.773,00",lazer
"realizei pagamento de R$ 865,00 em museu",lazer
"investi R$ 8.409,00 em show",lazer
"adquiri hobby por R$ 3.327,00",lazer
"comprei R$ 1.375,00 de hobby",lazer
"comprei R$ 4.404,00 de viagem",lazer
"adquiri esporte por R$ 3.879,00",lazer
"fiz compra de jogo por R$ 6.317,00",lazer
"efetuei compra de show no valor de R$ 2.356,00",lazer
"investi R$ 3.172,00 em museu",lazer
"efetuei compra de show no valor de R$ 7.277,00",lazer
"investi R$ 4.419,00 em jogo",lazer
"comprei R$ 4.963,00 de bolsa",vestuário
"comprei R$ 1.388,00 de acessório",vestuário
"adquiri shopping por R$ 7.143,00",vestuário
"paguei R$ 3.577,00 por calça",vestuário
"paguei R$ 8.965,00 por sapato",vestuário
"adquiri bolsa por R$ 8.412,00",vestuário
"adquiri moda por R$ 2.016,00",vestuário
"adquiri calça por R$ 6.004,00",vestuário
"paguei R$ 6,00 em acessório",vestuário
"fiz compra de calça por R$ 4.262,00",vestuário
"fiz compra de moda por R$ 2.385,00",vestuário
"adquiri bolsa por R$ 643,00",vestuário
"fiz compra de moda por R$ 7.248,00",vestuário
"adquiri acessório por R$ 9.787,00",vestuário
"paguei R$ 9.544,00 em shopping",vestuário
"paguei R$ 3.407,00 em calçado",vestuário
"realizei pagamento de R$ 1.757,00 em roupa",vestuário
"comprei R$ 5.628,00 de calçado",vestuário
"adquiri loja por R$ 8.705,00",vestuário
"efetuei compra de bolsa no valor de R$ 2.061,00",vestuário
"realizei pagamento de R$ 8.365,00 em moda",vestuário
"fiz compra de roupa por R$ 4.285,00",vestuário
"adquiri calça por R$ 7.232,00",vestuário
"investi R$ 2.011,00 em calçado",vestuário
"comprei R$ 2.281,00 de bolsa",vestuário
"paguei R$ 3.872,00 por calça",vestuário
"adquiri loja por R$ 3.081,00",vestuário
"realizei pagamento de R$ 2.384,00 em shopping",vestuário
"adquiri calçado por R$ 325,00",vestuário
"fiz compra de calça por R$ 4.630,00",vestuário
"adquiri sapato por R$ 701,00",vestuário
"adquiri calçado por R$ 1.150,00",vestuário
"fiz compra de bolsa por R$ 1.113,00",vestuário
"paguei R$ 9.181,00 em bolsa",vestuário
"gastei R$ 4.835,00 com loja",vestuário
"investi R$ 5.259,00 em roupa",vestuário
"paguei R$ 18,00 por shopping",vestuário
"paguei R$ 5.830,00 em camisa",vestuário
"comprei R$ 3.092,00 de loja",vestuário
"realizei pagamento de R$ 4.827,00 em bolsa",vestuário
"realizei pagamento de R$ 7.677,00 em sapato",vestuário
"realizei pagamento de R$ 3.544,00 em acessório",vestuário
"efetuei compra de shopping no valor de R$ 1.452,00",vestuário
"comprei R$ 7.126,00 de camisa",vestuário
"investi R$ 3.497,00 em roupa",vestuário
"gastei R$ 1.235,00 com moda",vestuário
"adquiri acessório por R$ 294,00",vestuário
"efetuei compra de moda no valor de R$ 8.777,00",vestuário
"gastei R$ 1.427,00 com shopping",vestuário
"realizei pagamento de R$ 3.008,00 em sapato",vestuário
"fiz compra de roupa por R$ 8.865,00",vestuário
"investi R$ 1.083,00 em moda",vestuário
"gastei R$ 752,00 com acessório",vestuário
"gastei R$ 9.220,00 com sapato",vestuário
"gastei R$ 6.816,00 com moda",vestuário
"gastei R$ 1.356,00 com sapato",vestuário
"efetuei compra de loja no valor de R$ 822,00",vestuário
"fiz compra de shopping por R$ 665,00",vestuário
"comprei R$ 3.012,00 de sapato",vestuário
"investi R$ 7.158,00 em acessório",vestuário
"paguei R$ 1.105,00 em calça",vestuário
"gastei R$ 1.437,00 com calça",vestuário
"paguei R$ 6.881,00 por sapato",vestuário
"fiz compra de camisa por R$ 2.766,00",vestuário
"paguei R$ 3.281,00 em bolsa",vestuário
"paguei R$ 3.514,00 em moda",vestuário
"adquiri camisa por R$ 7.336,00",vestuário
"investi R$ 2.995,00 em sapato",vestuário
"adquiri roupa por R$ 843,00",vestuário
"adquiri acessório por R$ 6.763,00",vestuário
"adquiri calçado por R$ 1.444,00",vestuário
"gastei R$ 3.382,00 com calça",vestuário
"paguei R$ 8.303,00 por camisa",vestuário
"fiz compra de loja por R$ 5.917,00",vestuário
"fiz compra de calçado por R$ 1.698,00",vestuário
"adquiri calça por R$ 334,00",vestuário
"comprei R$ 4.234,00 de calça",vestuário
"adquiri roupa por R$ 5.440,00",vestuário
"efetuei compra de sapato no valor de R$ 8.625,00",vestuário
"investi R$ 228,00 em loja",vestuário
"comprei R$ 8.394,00 de acessório",vestuário
"fiz compra de sapato por R$ 3.766,00",vestuário
"comprei R$ 3.563,00 de camisa",vestuário
"efetuei compra de loja no valor de R$ 8.078,00",vestuário
"realizei pagamento de R$ 357,00 em roupa",vestuário
"efetuei compra de bolsa no valor de R$ 224,00",vestuário
"comprei R$ 1.782,00 de calçado",vestuário
"gastei R$ 3.781,00 com acessório",vestuário
"gastei R$ 3.250,00 com camisa",vestuário
"comprei R$ 666,00 de shopping",vestuário
"paguei R$ 2.687,00 por calçado",vestuário
"paguei R$ 5.562,00 em calça",vestuário
"adquiri calçado por R$ 7.701,00",vestuário
"adquiri camisa por R$ 1.594,00",vestuário
"comprei R$ 2.933,00 de bolsa",vestuário
"adquiri roupa por R$ 3.669,00",vestuário
"gastei R$ 7.058,00 com camisa",vestuário
"fiz compra de calça por R$ 3.843,00",vestuário
"adquiri moda por R$ 1.469,00",vestuário
"investi R$ 3.191,00 em calça",vestuário
"paguei R$ 3.369,00 em computador",eletrônicos
"adquiri tablet por R$ 3.498,00",eletrônicos
"fiz compra de computador por R$ 8.062,00",eletrônicos
"realizei pagamento de R$ 3.429,00 em smartphone",eletrônicos
"investi R$ 2.895,00 em tv",eletrônicos
"fiz compra de fone por R$ 1.075,00",eletrônicos
"efetuei compra de tv no valor de R$ 2.331,00",eletrônicos
"efetuei compra de console no valor de R$ 6.897,00",eletrônicos
"comprei R$ 8.535,00 de câmera",eletrônicos
"comprei R$ 3.803,00 de câmera",eletrônicos
"investi R$ 3.730,00 em tv",eletrônicos
"adquiri tablet por R$ 1.999,00",eletrônicos
"investi R$ 4.475,00 em celular",eletrônicos
"fiz compra de notebook por R$ 6.901,00",eletrônicos
"investi R$ 8.082,00 em fone",eletrônicos
"comprei R$ 5.880,00 de gadget",eletrônicos
"adquiri tv por R$ 9.153,00",eletrônicos
"realizei pagamento de R$ 2.397,00 em gadget",eletrônicos
"fiz compra de tablet por R$ 8.692,00",eletrônicos
"efetuei compra de fone no valor de R$ 9.029,00",eletrônicos
"efetuei compra de computador no valor de R$ 1.788,00",eletrônicos
"investi R$ 4.490,00 em tablet",eletrônicos
"adquiri tablet por R$ 4.590,00",eletrônicos
"investi R$ 7.734,00 em celular",eletrônicos
"paguei R$ 2.202,00 por console",eletrônicos
"adquiri notebook por R$ 9.714,00",eletrônicos
"paguei R$ 9.860,00 por notebook",eletrônicos
"comprei R$ 3.585,00 de notebook",eletrônicos
"gastei R$ 4.173,00 com tv",eletrônicos
"adquiri notebook por R$ 668,00",eletrônicos
"paguei R$ 364,00 por console",eletrônicos
"efetuei compra de gadget no valor de R$ 8.010,00",eletrônicos
"adquiri computador por R$ 5.565,00",eletrônicos
"efetuei compra de computador no valor de R$ 1.222,00",eletrônicos
"fiz compra de gadget por R$ 8.840,00",eletrônicos
"adquiri computador por R$ 7.132,00",eletrônicos
"paguei R$ 3.026,00 em tv",eletrônicos
"investi R$ 5.990,00 em tablet",eletrônicos
"adquiri computador por R$ 1.323,00",eletrônicos
"adquiri câmera por R$ 9.890,00",eletrônicos
"comprei R$ 5.768,00 de tv",eletrônicos
"efetuei compra de notebook no valor de R$ 1.448,00",eletrônicos
"comprei R$ 6.825,00 de celular",eletrônicos
"paguei R$ 7.727,00 por notebook",eletrônicos
"paguei R$ 764,00 em smartphone",eletrônicos
"comprei R$ 597,00 de console",eletrônicos
"paguei R$ 7.913,00 por smartphone",eletrônicos
"paguei R$ 13,00 em console",eletrônicos
"investi R$ 178,00 em câmera",eletrônicos
"fiz compra de gadget por R$ 5.768,00",eletrônicos
"adquiri câmera por R$ 7.827,00",eletrônicos
"comprei R$ 4.041,00 de celular",eletrônicos
"adquiri câmera por R$ 1.491,00",eletrônicos
"adquiri tv por R$ 6.831,00",eletrônicos
"paguei R$ 6.369,00 em tablet",eletrônicos
"fiz compra de celular por R$ 8.205,00",eletrônicos
"comprei R$ 2.779,00 de tv",eletrônicos
"fiz compra de computador por R$ 8.118,00",eletrônicos
"fiz compra de fone por R$ 7.117,00",eletrônicos
"gastei R$ 7.654,00 com console",eletrônicos
"investi R$ 1.923,00 em console",eletrônicos
"investi R$ 8.720,00 em câmera",eletrônicos
"comprei R$ 87,00 de fone",eletrônicos
"adquiri console por R$ 4.792,00",eletrônicos
"paguei R$ 4.499,00 em tablet",eletrônicos
"comprei R$ 143,00 de notebook",eletrônicos
"paguei R$ 2.731,00 em smartphone",eletrônicos
"adquiri gadget por R$ 6.108,00",eletrônicos
"comprei R$ 6.544,00 de gadget",eletrônicos
"comprei R$ 4.927,00 de notebook",eletrônicos
"investi R$ 1.596,00 em tablet",eletrônicos
"adquiri tablet por R$ 8.998,00",eletrônicos
"adquiri câmera por R$ 6.748,00",eletrônicos
"comprei R$ 8.685,00 de tablet",eletrônicos
"investi R$ 7.803,00 em celular",eletrônicos
"realizei pagamento de R$ 7.434,00 em tablet",eletrônicos
"efetuei compra de console no valor de R$ 954,00",eletrônicos
"paguei R$ 6.445,00 por smartphone",eletrônicos
"gastei R$ 7.916,00 com câmera",eletrônicos
"realizei pagamento de R$ 2.979,00 em computador",eletrônicos
"adquiri celular por R$ 8.962,00",eletrônicos
"investi R$ 950,00 em gadget",eletrônicos
"fiz compra de gadget por R$ 3.985,00",eletrônicos
"adquiri notebook por R$ 5.143,00",eletrônicos
"fiz compra de gadget por R$ 9.850,00",eletrônicos
"adquiri notebook por R$ 4.914,00",eletrônicos
"fiz compra de fone por R$ 93,00",eletrônicos
"adquiri console por R$ 2.593,00",eletrônicos
"efetuei compra de gadget no valor de R$ 5.300,00",eletrônicos
"gastei R$ 4.407,00 com fone",eletrônicos
"paguei R$ 5.311,00 em computador",eletrônicos
"investi R$ 5.759,00 em computador",eletrônicos
"investi R$ 8.402,00 em câmera",eletrônicos
"adquiri celular por R$ 5.860,00",eletrônicos
"comprei R$ 6.309,00 de tablet",eletrônicos
"paguei R$ 8.034,00 em gadget",eletrônicos
"fiz compra de celular por R$ 8.977,00",eletrônicos
"adquiri gadget por R$ 5.111,00",eletrônicos
"adquiri computador por R$ 5.684,00",eletrônicos
"fiz compra de gadget por R$ 8.453,00",eletrônicos
"adquiri limpeza por R$ 349,00",serviços
"paguei R$ 3.487,00 por suporte",serviços
"efetuei compra de reparo no valor de R$ 2.630,00",serviços
"adquiri instalação por R$ 6.421,00",serviços
"comprei R$ 4.074,00 de instalação",serviços
"adquiri suporte por R$ 9.624,00",serviços
"adquiri frete por R$ 7.067,00",serviços
"adquiri limpeza por R$ 4.275,00",serviços
"adquiri frete por R$ 6.429,00",serviços
"investi R$ 8.855,00 em limpeza",serviços
"gastei R$ 413,00 com suporte",serviços
"efetuei compra de frete no valor de R$ 3.226,00",serviços
"realizei pagamento de R$ 9.499,00 em limpeza",serviços
"adquiri instalação por R$ 4.633,00",serviços
"comprei R$ 8.545,00 de instalação",serviços
"adquiri instalação por R$ 3.994,00",serviços
"paguei R$ 8.041,00 em frete",serviços
"paguei R$ 8.249,00 em entrega",serviços
"efetuei compra de manicure no valor de R$ 8.375,00",serviços
"adquiri suporte por R$ 3.224,00",serviços
"comprei R$ 5.361,00 de limpeza",serviços
"paguei R$ 4.050,00 em manicure",serviços
"adquiri frete por R$ 1.168,00",serviços
"realizei pagamento de R$ 3.996,00 em manicure",serviços
"paguei R$ 6.080,00 por frete",serviços
"investi R$ 9.935,00 em suporte",serviços
"adquiri suporte por R$ 2.037,00",serviços
"realizei pagamento de R$ 2.945,00 em conserto",serviços
"fiz compra de limpeza por R$ 2.181,00",serviços
"gastei R$ 2.041,00 com conserto",serviços
"fiz compra de conserto por R$ 1.896,00",serviços
"paguei R$ 9.691,00 por frete",serviços
"paguei R$ 584,00 por manicure",serviços
"adquiri entrega por R$ 9.062,00",serviços
"adquiri manutenção por R$ 4.364,00",serviços
"comprei R$ 1.161,00 de limpeza",serviços
"adquiri assistência por R$ 6.388,00",serviços
"investi R$ 1.896,00 em limpeza",serviços
"adquiri suporte por R$ 8.142,00",serviços
"realizei pagamento de R$ 7.668,00 em conserto",serviços
"paguei R$ 399,00 em suporte",serviços
"gastei R$ 9.095,00 com limpeza",serviços
"paguei R$ 2.792,00 por entrega",serviços
"efetuei compra de limpeza no valor de R$ 5.355,00",serviços
"gastei R$ 4.876,00 com instalação",serviços
"adquiri limpeza por R$ 3.423,00",serviços
"gastei R$ 3.437,00 com frete",serviços
"fiz compra de conserto por R$ 6.434,00",serviços
"paguei R$ 5.239,00 em reparo",serviços
"efetuei compra de entrega no valor de R$ 7.545,00",serviços
"comprei R$ 1.395,00 de manutenção",serviços
"efetuei compra de instalação no valor de R$ 5.132,00",serviços
"realizei pagamento de R$ 637,00 em instalação",serviços
"adquiri limpeza por R$ 3.435,00",serviços
"fiz compra de reparo por R$ 1.987,00",serviços
"investi R$ 3.160,00 em manutenção",serviços
"paguei R$ 6.635,00 em frete",serviços
"fiz compra de entrega por R$ 1.659,00",serviços
"paguei R$ 8.546,00 por limpeza",serviços
"investi R$ 8.910,00 em assistência",serviços
"adquiri manicure por R$ 675,00",serviços
"adquiri manicure por R$ 2.075,00",serviços
"gastei R$ 4.490,00 com instalação",serviços
"adquiri conserto por R$ 8.905,00",serviços
"efetuei compra de suporte no valor de R$ 2.010,00",serviços
"fiz compra de manutenção por R$ 9.645,00",serviços
"investi R$ 4.851,00 em assistência",serviços
"efetuei compra de instalação no valor de R$ 2.837,00",serviços
"investi R$ 4.963,00 em entrega",serviços
"fiz compra de reparo por R$ 7.009,00",serviços
"realizei pagamento de R$ 9.466,00 em entrega",serviços
"gastei R$ 8.712,00 com entrega",serviços
"paguei R$ 823,00 por frete",serviços
"gastei R$ 8.173,00 com instalação",serviços
"adquiri entrega por R$ 8.666,00",serviços
"realizei pagamento de R$ 4.989,00 em suporte",serviços
"realizei pagamento de R$ 2.087,00 em instalação",serviços
"efetuei compra de conserto no valor de R$ 1.164,00",serviços
"adquiri assistência por R$ 4.419,00",serviços
"paguei R$ 7.349,00 em manutenção",serviços
"realizei pagamento de R$ 9.808,00 em suporte",serviços
"paguei R$ 5.271,00 em assistência",serviços
"gastei R$ 1.231,00 com reparo",serviços
"fiz compra de limpeza por R$ 8.335,00",serviços
"paguei R$ 9.127,00 por instalação",serviços
"gastei R$ 5.579,00 com entrega",serviços
"efetuei compra de manicure no valor de R$ 229,00",serviços
"adquiri suporte por R$ 4.324,00",serviços
"gastei R$ 7.427,00 com limpeza",serviços
"fiz compra de conserto por R$ 7.287,00",serviços
"paguei R$ 9.544,00 por instalação",serviços
"realizei pagamento de R$ 2.217,00 em frete",serviços
"paguei R$ 4.472,00 em limpeza",serviços
"realizei pagamento de R$ 3.447,00 em entrega",serviços
"fiz compra de instalação por R$ 8.723,00",serviços
"fiz compra de limpeza por R$ 1.939,00",serviços
"efetuei compra de instalação no valor de R$ 3.025,00",serviços
"adquiri instalação por R$ 9.908,00",serviços
"efetuei compra de manicure no valor de R$ 9.595,00",serviços
"efetuei compra de limpeza no valor de R$ 976,00",serviços
"investi R$ 1.132,00 em tráfego",marketing
"adquiri custo por clique por R$ 8.792,00",marketing
"realizei pagamento de R$ 3.129,00 em anúncio",marketing
"fiz compra de leads por R$ 8.077,00",marketing
"paguei R$ 5.759,00 em leads",marketing
"paguei R$ 8.652,00 por propaganda",marketing
"fiz compra de influencer por R$ 4.464,00",marketing
"investi R$ 9.725,00 em SEO",marketing
"paguei R$ 4.760,00 em tráfego",marketing
"comprei R$ 2.547,00 de tráfego",marketing
"adquiri leads por R$ 4.440,00",marketing
"adquiri influencer por R$ 9.768,00",marketing
"paguei R$ 1.196,00 por propaganda",marketing
"fiz compra de propaganda por R$ 9.414,00",marketing
"gastei R$ 6.762,00 com influencer",marketing
"paguei R$ 3.821,00 em leads",marketing
"investi R$ 2.615,00 em anúncio",marketing
"investi R$ 5.904,00 em custo por clique",marketing
"gastei R$ 8.511,00 com redes sociais",marketing
"comprei R$ 8.322,00 de anúncio",marketing
"investi R$ 4.634,00 em redes sociais",marketing
"paguei R$ 6.779,00 por conversão",marketing
"fiz compra de custo por clique por R$ 584,00",marketing
"realizei pagamento de R$ 2.197,00 em leads",marketing
"adquiri propaganda por R$ 9.627,00",marketing
"comprei R$ 3.468,00 de custo por clique",marketing
"fiz compra de SEO por R$ 5.861,00",marketing
"efetuei compra de conversão no valor de R$ 7.650,00",marketing
"realizei pagamento de R$ 5.783,00 em propaganda",marketing
"paguei R$ 2.711,00 por leads",marketing
"fiz compra de custo por clique por R$ 7.375,00",marketing
"paguei R$ 5.014,00 por tráfego",marketing
"realizei pagamento de R$ 6.487,00 em propaganda",marketing
"realizei pagamento de R$ 8.071,00 em conversão",marketing
"comprei R$ 5.054,00 de redes sociais",marketing
"adquiri influencer por R$ 2.022,00",marketing
"comprei R$ 3.554,00 de tráfego",marketing
"fiz compra de influencer por R$ 3.164,00",marketing
"comprei R$ 8.743,00 de custo por clique",marketing
"efetuei compra de custo por clique no valor de R$ 2.450,00",marketing
"paguei R$ 4.242,00 por mídia",marketing
"comprei R$ 1.163,00 de propaganda",marketing
"investi R$ 8.205,00 em conversão",marketing
"gastei R$ 7.643,00 com conversão",marketing
"adquiri SEO por R$ 847,00",marketing
"investi R$ 9.585,00 em propaganda",marketing
"investi R$ 9.749,00 em custo por clique",marketing
"paguei R$ 8.267,00 por mídia",marketing
"paguei R$ 4.221,00 em custo por clique",marketing
"adquiri SEO por R$ 2.625,00",marketing
"comprei R$ 4.312,00 de SEO",marketing
"comprei R$ 2.871,00 de mídia",marketing
"paguei R$ 9.339,00 por conversão",marketing
"comprei R$ 6.512,00 de influencer",marketing
"adquiri propaganda por R$ 493,00",marketing
"paguei R$ 8.559,00 em leads",marketing
"comprei R$ 9.818,00 de propaganda",marketing
"paguei R$ 7.153,00 por redes sociais",marketing
"realizei pagamento de R$ 5.392,00 em tráfego",marketing
"efetuei compra de influencer no valor de R$ 7.898,00",marketing
"paguei R$ 3.991,00 por SEO",marketing
"paguei R$ 1.874,00 em custo por clique",marketing
"adquiri redes sociais por R$ 7.365,00",marketing
"investi R$ 3.030,00 em SEO",marketing
"adquiri mídia por R$ 4.719,00",marketing
"efetuei compra de conversão no valor de R$ 9.360,00",marketing
"fiz compra de propaganda por R$ 6.151,00",marketing
"paguei R$ 1.404,00 por redes sociais",marketing
"realizei pagamento de R$ 9.210,00 em propaganda",marketing
"gastei R$ 20,00 com mídia",marketing
"comprei R$ 5.067,00 de tráfego",marketing
"efetuei compra de tráfego no valor de R$ 6.379,00",marketing
"paguei R$ 5.108,00 em influencer",marketing
"fiz compra de anúncio por R$ 1.384,00",marketing
"adquiri custo por clique por R$ 8.983,00",marketing
"paguei R$ 5.654,00 em propaganda",marketing
"gastei R$ 290,00 com conversão",marketing
"efetuei compra de mídia no valor de R$ 5.576,00",marketing
"realizei pagamento de R$ 223,00 em influencer",marketing
"paguei R$ 8.285,00 em mídia",marketing
"investi R$ 7.735,00 em redes sociais",marketing
"fiz compra de mídia por R$ 2.660,00",marketing
"adquiri mídia por R$ 2.787,00",marketing
"fiz compra de mídia por R$ 3.411,00",marketing
"fiz compra de conversão por R$ 8.502,00",marketing
"comprei R$ 8.028,00 de propaganda",marketing
"adquiri influencer por R$ 418,00",marketing
"paguei R$ 8.429,00 por propaganda",marketing
"comprei R$ 8.439,00 de mídia",marketing
"fiz compra de conversão por R$ 1.305,00",marketing
"paguei R$ 8.464,00 por custo por clique",marketing
"comprei R$ 4.578,00 de tráfego",marketing
"realizei pagamento de R$ 8.029,00 em conversão",marketing
"investi R$ 333,00 em conversão",marketing
"investi R$ 9.878,00 em tráfego",marketing
"efetuei compra de conversão no valor de R$ 9.575,00",marketing
"investi R$ 7.847,00 em tráfego",marketing
"gastei R$ 255,00 com leads",marketing
"adquiri mídia por R$ 4.569,00",marketing
"adquiri anúncio por R$ 2.538,00",marketing
"paguei R$ 9.806,00 em taxa",outros
"gastei R$ 9.293,00 com multa",outros
"comprei R$ 2.683,00 de aplicação",outros
"comprei R$ 4.147,00 de doação",outros
"adquiri seguro por R$ 7.537,00",outros
"fiz compra de investimento por R$ 8.501,00",outros
"adquiri imposto por R$ 8.877,00",outros
"paguei R$ 8.374,00 em taxa",outros
"adquiri doação por R$ 4.471,00",outros
"fiz compra de multa por R$ 3.242,00",outros
"realizei pagamento de R$ 4.130,00 em seguro",outros
"adquiri doação por R$ 9.253,00",outros
"comprei R$ 5.433,00 de aplicação",outros
"efetuei compra de seguro no valor de R$ 3.654,00",outros
"comprei R$ 5.555,00 de cartão",outros
"adquiri presente por R$ 4.633,00",outros
"paguei R$ 1.032,00 por investimento",outros
"adquiri aplicação por R$ 1.156,00",outros
"realizei pagamento de R$ 3.442,00 em seguro",outros
"efetuei compra de doação no valor de R$ 9.012,00",outros
"adquiri aplicação por R$ 9.181,00",outros
"adquiri multa por R$ 1.312,00",outros
"comprei R$ 4.574,00 de imposto",outros
"fiz compra de presente por R$ 2.712,00",outros
"efetuei compra de imposto no valor de R$ 1.358,00",outros
"realizei pagamento de R$ 1.403,00 em poupança",outros
"paguei R$ 1.302,00 em taxa",outros
"adquiri doação por R$ 774,00",outros
"gastei R$ 2.681,00 com seguro",outros
"efetuei compra de investimento no valor de R$ 9.692,00",outros
"efetuei compra de taxa no valor de R$ 5.642,00",outros
"adquiri investimento por R$ 8.425,00",outros
"efetuei compra de multa no valor de R$ 8.962,00",outros
"paguei R$ 3.640,00 em imposto",outros
"comprei R$ 4.010,00 de multa",outros
"realizei pagamento de R$ 5.400,00 em poupança",outros
"efetuei compra de doação no valor de R$ 1.685,00",outros
"realizei pagamento de R$ 4.313,00 em taxa",outros
"paguei R$ 6.547,00 por aplicação",outros
"comprei R$ 5.194,00 de taxa",outros
"adquiri poupança por R$ 3.453,00",outros
"paguei R$ 4.538,00 por investimento",outros
"adquiri imposto por R$ 9.356,00",outros
"realizei pagamento de R$ 4.594,00 em aplicação",outros
"investi R$ 5.397,00 em cartão",outros
"comprei R$ 2.281,00 de aplicação",outros
"investi R$ 1.157,00 em investimento",outros
"paguei R$ 5.487,00 em cartão",outros
"realizei pagamento de R$ 4.652,00 em cartão",outros
"adquiri multa por R$ 6.635,00",outros
"efetuei compra de multa no valor de R$ 440,00",outros
"adquiri poupança por R$ 9.384,00",outros
"adquiri aplicação por R$ 9.623,00",outros
"gastei R$ 4.049,00 com aplicação",outros
"adquiri seguro por R$ 9.507,00",outros
"realizei pagamento de R$ 1.225,00 em doação",outros
"fiz compra de multa por R$ 2.557,00",outros
"paguei R$ 8.952,00 em doação",outros
"realizei pagamento de R$ 8.861,00 em investimento",outros
"paguei R$ 5.514,00 em seguro",outros
"investi R$ 6.355,00 em presente",outros
"adquiri presente por R$ 2.874,00",outros
"investi R$ 1.733,00 em presente",outros
"paguei R$ 9.019,00 por imposto",outros
"comprei R$ 187,00 de taxa",outros
"investi R$ 8.273,00 em imposto",outros
"gastei R$ 8.060,00 com cartão",outros
"realizei pagamento de R$ 6.841,00 em cartão",outros
"comprei R$ 1.070,00 de seguro",outros
"adquiri presente por R$ 8.272,00",outros
"investi R$ 5.790,00 em presente",outros
"adquiri aplicação por R$ 9.998,00",outros
"paguei R$ 9.188,00 por multa",outros
"realizei pagamento de R$ 7.976,00 em aplicação",outros
"adquiri cartão por R$ 1.730,00",outros
"comprei R$ 5.532,00 de taxa",outros
"adquiri investimento por R$ 3.107,00",outros
"gastei R$ 9.567,00 com taxa",outros
"adquiri taxa por R$ 1.363,00",outros
"paguei R$ 5.243,00 por multa",outros
"paguei R$ 458,00 por multa",outros
"efetuei compra de taxa no valor de R$ 3.804,00",outros
"paguei R$ 9.004,00 por presente",outros
"comprei R$ 3.144,00 de seguro",outros
"adquiri poupança por R$ 636,00",outros
"realizei pagamento de R$ 6.313,00 em presente",outros
"efetuei compra de taxa no valor de R$ 9.686,00",outros
"paguei R$ 7.457,00 em cartão",outros
"adquiri poupança por R$ 3.835,00",outros
"investi R$ 5.599,00 em aplicação",outros
"paguei R$ 8.616,00 em imposto",outros
"fiz compra de taxa por R$ 9.810,00",outros
"adquiri multa por R$ 7.284,00",outros
"paguei R$ 2.692,00 em taxa",outros
"paguei R$ 3.180,00 em doação",outros
"adquiri investimento por R$ 3.484,00",outros
"comprei R$ 593,00 de taxa",outros
"adquiri investimento por R$ 3.119,00",outros
"paguei R$ 9.596,00 por investimento",outros
"investi R$ 6.152,00 em poupança",outros
